{"cameraMode":{"drawMode":0,"name":"Shaded","section":"Shading Mode"},"sceneLighting":true,"audioPlay":false,"sceneViewState":{"showFog":true,"showMaterialUpdate":false,"showSkybox":true,"showFlares":true,"showImageEffects":true,"showParticleSystems":true,"showVisualEffectGraphs":true,"m_FxEnabled":true},"in2DMode":false,"pivot":{"x":372.67047119140627,"y":14.715559959411621,"z":423.3393859863281},"rotation":{"x":0.16331005096435548,"y":0.2827397286891937,"z":-0.048942480236291888,"w":0.9440051317214966},"size":1.8033114671707154,"orthographic":false}